<?xml version = '1.0' encoding = 'UTF-8'?>
<Table class="oracle.dbtools.crest.model.design.relational.Table" directorySegmentName="seg_0" id="912CF5BF-C6D9-D698-1452-39061578D0BE" name="PASAJERO">
<createdBy>morim</createdBy>
<createdTime>2026-01-11 21:58:13 UTC</createdTime>
<ownerDesignName>Modelo_Base_1</ownerDesignName>
<ordsAlias>table_7</ordsAlias>
<allowColumnReorder>false</allowColumnReorder>
<existDependencyGenerateInDDl>true</existDependencyGenerateInDDl>
<parsed>true</parsed>
<columns itemClass="oracle.dbtools.crest.model.design.relational.Column">
<Column name="id_pasajero" id="932D18E8-4813-63C5-9316-A77CB425914D">
<createdBy>morim</createdBy>
<createdTime>2026-01-11 22:00:34 UTC</createdTime>
<ownerDesignName>Modelo_Base_1</ownerDesignName>
<useDomainConstraints>false</useDomainConstraints>
<use>1</use>
<logicalDatatype>LOGDT011</logicalDatatype>
<ownDataTypeParameters>,,</ownDataTypeParameters>
<autoIncrementCycle>false</autoIncrementCycle>
</Column>
<Column name="nom_completo" id="B2A5442D-A3E7-603A-BCF6-5F9DF2242F63">
<createdBy>morim</createdBy>
<createdTime>2026-01-11 22:00:34 UTC</createdTime>
<ownerDesignName>Modelo_Base_1</ownerDesignName>
<useDomainConstraints>false</useDomainConstraints>
<use>1</use>
<logicalDatatype>LOGDT024</logicalDatatype>
<dataTypeSize>500 CHAR</dataTypeSize>
<ownDataTypeParameters>500 CHAR,,</ownDataTypeParameters>
<autoIncrementCycle>false</autoIncrementCycle>
</Column>
<Column name="fec_nacimiento" id="7D858749-92F1-5003-7C03-4A6657C1B426">
<createdBy>morim</createdBy>
<createdTime>2026-01-11 22:00:34 UTC</createdTime>
<ownerDesignName>Modelo_Base_1</ownerDesignName>
<useDomainConstraints>false</useDomainConstraints>
<use>1</use>
<logicalDatatype>LOGDT007</logicalDatatype>
<ownDataTypeParameters>,,</ownDataTypeParameters>
<autoIncrementCycle>false</autoIncrementCycle>
</Column>
<Column name="nacionalidad" id="BCD56E08-0931-E519-B02E-F4F1C8C6EA42">
<createdBy>morim</createdBy>
<createdTime>2026-01-11 22:00:34 UTC</createdTime>
<ownerDesignName>Modelo_Base_1</ownerDesignName>
<useDomainConstraints>false</useDomainConstraints>
<use>1</use>
<logicalDatatype>LOGDT024</logicalDatatype>
<dataTypeSize>500 CHAR</dataTypeSize>
<ownDataTypeParameters>500 CHAR,,</ownDataTypeParameters>
<autoIncrementCycle>false</autoIncrementCycle>
</Column>
<Column name="num_contacto" id="F1D4B30B-742C-C6C2-69C3-774A32B1377E">
<createdBy>morim</createdBy>
<createdTime>2026-01-11 22:00:34 UTC</createdTime>
<ownerDesignName>Modelo_Base_1</ownerDesignName>
<nullsAllowed>true</nullsAllowed>
<useDomainConstraints>false</useDomainConstraints>
<use>1</use>
<logicalDatatype>LOGDT024</logicalDatatype>
<dataTypeSize>500 CHAR</dataTypeSize>
<ownDataTypeParameters>500 CHAR,,</ownDataTypeParameters>
<autoIncrementCycle>false</autoIncrementCycle>
</Column>
<Column name="correo" id="D110CA5B-0CFF-28D5-7F9F-F7AEB25B7C0E">
<createdBy>morim</createdBy>
<createdTime>2026-01-11 22:00:34 UTC</createdTime>
<ownerDesignName>Modelo_Base_1</ownerDesignName>
<nullsAllowed>true</nullsAllowed>
<useDomainConstraints>false</useDomainConstraints>
<use>1</use>
<logicalDatatype>LOGDT024</logicalDatatype>
<dataTypeSize>500 CHAR</dataTypeSize>
<ownDataTypeParameters>500 CHAR,,</ownDataTypeParameters>
<autoIncrementCycle>false</autoIncrementCycle>
</Column>
</columns>
<indexes itemClass="oracle.dbtools.crest.model.design.relational.Index">
<ind_PK_UK id="9E5C106C-3932-CB77-258D-439171EF4D6B" name="PASAJERO_PK">
<createdBy>morim</createdBy>
<createdTime>2026-01-11 22:00:34 UTC</createdTime>
<ownerDesignName>Modelo_Base_1</ownerDesignName>
<pk>true</pk>
<indexState>Primary Constraint</indexState>
<isSurrogateKey>false</isSurrogateKey>
<indexColumnUsage>
<colUsage columnID="932D18E8-4813-63C5-9316-A77CB425914D"/>
</indexColumnUsage>
</ind_PK_UK>
</indexes>
</Table>