<?xml version = '1.0' encoding = 'UTF-8'?>
<Table class="oracle.dbtools.crest.model.design.relational.Table" directorySegmentName="seg_0" id="C830A6BE-9E82-4581-E48C-420E097E3975" name="VUELO">
<createdBy>morim</createdBy>
<createdTime>2026-01-11 21:56:35 UTC</createdTime>
<ownerDesignName>Modelo_Base_1</ownerDesignName>
<ordsAlias>table_6</ordsAlias>
<allowColumnReorder>false</allowColumnReorder>
<existDependencyGenerateInDDl>true</existDependencyGenerateInDDl>
<parsed>true</parsed>
<columns itemClass="oracle.dbtools.crest.model.design.relational.Column">
<Column name="num_vuelo" id="D0CB7ED7-2D05-32B2-42F9-AC8A430F68B1">
<createdBy>morim</createdBy>
<createdTime>2026-01-11 21:57:59 UTC</createdTime>
<ownerDesignName>Modelo_Base_1</ownerDesignName>
<useDomainConstraints>false</useDomainConstraints>
<use>1</use>
<logicalDatatype>LOGDT011</logicalDatatype>
<ownDataTypeParameters>,,</ownDataTypeParameters>
<autoIncrementCycle>false</autoIncrementCycle>
</Column>
<Column name="fec_despegue" id="064463CF-90E6-C2EB-45A4-15143263E955">
<createdBy>morim</createdBy>
<createdTime>2026-01-11 21:57:59 UTC</createdTime>
<ownerDesignName>Modelo_Base_1</ownerDesignName>
<useDomainConstraints>false</useDomainConstraints>
<use>1</use>
<logicalDatatype>LOGDT007</logicalDatatype>
<ownDataTypeParameters>,,</ownDataTypeParameters>
<autoIncrementCycle>false</autoIncrementCycle>
</Column>
<Column name="fec_llegada" id="275EEA95-CFC8-30FE-FF47-646425BA765C">
<createdBy>morim</createdBy>
<createdTime>2026-01-11 21:57:59 UTC</createdTime>
<ownerDesignName>Modelo_Base_1</ownerDesignName>
<useDomainConstraints>false</useDomainConstraints>
<use>1</use>
<logicalDatatype>LOGDT007</logicalDatatype>
<ownDataTypeParameters>,,</ownDataTypeParameters>
<autoIncrementCycle>false</autoIncrementCycle>
</Column>
<Column name="hora_salida" id="FD377354-F618-F66F-C6D4-B25DC7F77C63">
<createdBy>morim</createdBy>
<createdTime>2026-01-11 21:57:59 UTC</createdTime>
<ownerDesignName>Modelo_Base_1</ownerDesignName>
<useDomainConstraints>false</useDomainConstraints>
<use>1</use>
<logicalDatatype>LOGDT014</logicalDatatype>
<ownDataTypeParameters>,,</ownDataTypeParameters>
<autoIncrementCycle>false</autoIncrementCycle>
</Column>
</columns>
<indexes itemClass="oracle.dbtools.crest.model.design.relational.Index">
<ind_PK_UK id="E5B68DC7-31DA-66BA-06D2-FB0EDBF6B4CA" name="VUELO_PK">
<createdBy>morim</createdBy>
<createdTime>2026-01-11 21:57:59 UTC</createdTime>
<ownerDesignName>Modelo_Base_1</ownerDesignName>
<pk>true</pk>
<indexState>Primary Constraint</indexState>
<isSurrogateKey>false</isSurrogateKey>
<indexColumnUsage>
<colUsage columnID="D0CB7ED7-2D05-32B2-42F9-AC8A430F68B1"/>
</indexColumnUsage>
</ind_PK_UK>
</indexes>
</Table>