<?xml version = '1.0' encoding = 'UTF-8'?>
<Table class="oracle.dbtools.crest.model.design.relational.Table" directorySegmentName="seg_0" id="D144C916-3F04-F905-4B57-2ADFE5734D08" name="EMPLEADO">
<createdBy>morim</createdBy>
<createdTime>2026-01-11 21:51:19 UTC</createdTime>
<ownerDesignName>Modelo_Base_1</ownerDesignName>
<ordsAlias>table_5</ordsAlias>
<allowColumnReorder>false</allowColumnReorder>
<existDependencyGenerateInDDl>true</existDependencyGenerateInDDl>
<parsed>true</parsed>
<columns itemClass="oracle.dbtools.crest.model.design.relational.Column">
<Column name="rut" id="303697B6-C493-0FCD-B32C-05F8509BF8B8">
<createdBy>morim</createdBy>
<createdTime>2026-01-11 21:55:27 UTC</createdTime>
<ownerDesignName>Modelo_Base_1</ownerDesignName>
<useDomainConstraints>false</useDomainConstraints>
<use>1</use>
<logicalDatatype>LOGDT024</logicalDatatype>
<dataTypeSize>12 CHAR</dataTypeSize>
<ownDataTypeParameters>12 CHAR,,</ownDataTypeParameters>
<autoIncrementCycle>false</autoIncrementCycle>
</Column>
<Column name="nom_completo" id="54B42F36-BCD0-45AF-D675-2249A3B2004E">
<createdBy>morim</createdBy>
<createdTime>2026-01-11 21:55:27 UTC</createdTime>
<ownerDesignName>Modelo_Base_1</ownerDesignName>
<useDomainConstraints>false</useDomainConstraints>
<use>1</use>
<logicalDatatype>LOGDT024</logicalDatatype>
<dataTypeSize>500 CHAR</dataTypeSize>
<ownDataTypeParameters>500 CHAR,,</ownDataTypeParameters>
<autoIncrementCycle>false</autoIncrementCycle>
</Column>
<Column name="direccion" id="01860883-C057-AFD8-4D7A-507C2ECB7FB4">
<createdBy>morim</createdBy>
<createdTime>2026-01-11 21:55:27 UTC</createdTime>
<ownerDesignName>Modelo_Base_1</ownerDesignName>
<useDomainConstraints>false</useDomainConstraints>
<use>1</use>
<logicalDatatype>LOGDT024</logicalDatatype>
<dataTypeSize>500 CHAR</dataTypeSize>
<ownDataTypeParameters>500 CHAR,,</ownDataTypeParameters>
<autoIncrementCycle>false</autoIncrementCycle>
</Column>
<Column name="sueldo_base" id="9DFADE51-965C-D8F4-23B1-9104B9C51551">
<createdBy>morim</createdBy>
<createdTime>2026-01-11 21:55:27 UTC</createdTime>
<ownerDesignName>Modelo_Base_1</ownerDesignName>
<useDomainConstraints>false</useDomainConstraints>
<use>1</use>
<logicalDatatype>LOGDT019</logicalDatatype>
<dataTypePrecision>10</dataTypePrecision>
<dataTypeScale>2</dataTypeScale>
<ownDataTypeParameters>,10,2</ownDataTypeParameters>
<autoIncrementCycle>false</autoIncrementCycle>
</Column>
<Column name="fec_ingreso" id="530F3BE5-4ECE-ED0E-A83F-8E963B45F8E4">
<createdBy>morim</createdBy>
<createdTime>2026-01-11 21:55:27 UTC</createdTime>
<ownerDesignName>Modelo_Base_1</ownerDesignName>
<useDomainConstraints>false</useDomainConstraints>
<use>1</use>
<logicalDatatype>LOGDT014</logicalDatatype>
<ownDataTypeParameters>,,</ownDataTypeParameters>
<autoIncrementCycle>false</autoIncrementCycle>
</Column>
<Column name="genero" id="9B069072-5030-6574-F2D6-1E1F4710FE2C">
<createdBy>morim</createdBy>
<createdTime>2026-01-11 21:55:27 UTC</createdTime>
<ownerDesignName>Modelo_Base_1</ownerDesignName>
<useDomainConstraints>false</useDomainConstraints>
<use>1</use>
<logicalDatatype>LOGDT024</logicalDatatype>
<dataTypeSize>500 CHAR</dataTypeSize>
<ownDataTypeParameters>500 CHAR,,</ownDataTypeParameters>
<autoIncrementCycle>false</autoIncrementCycle>
</Column>
<Column name="telefono" id="C313B863-36F2-CBF2-1E5B-AFA31DB300F8">
<createdBy>morim</createdBy>
<createdTime>2026-01-11 21:55:27 UTC</createdTime>
<ownerDesignName>Modelo_Base_1</ownerDesignName>
<nullsAllowed>true</nullsAllowed>
<useDomainConstraints>false</useDomainConstraints>
<use>1</use>
<logicalDatatype>LOGDT024</logicalDatatype>
<dataTypeSize>500 CHAR</dataTypeSize>
<ownDataTypeParameters>500 CHAR,,</ownDataTypeParameters>
<autoIncrementCycle>false</autoIncrementCycle>
</Column>
</columns>
<indexes itemClass="oracle.dbtools.crest.model.design.relational.Index">
<ind_PK_UK id="4778F91F-D9A8-0825-FA3F-B0BB777A16D3" name="EMPLEADO_PK">
<createdBy>morim</createdBy>
<createdTime>2026-01-11 21:55:27 UTC</createdTime>
<ownerDesignName>Modelo_Base_1</ownerDesignName>
<pk>true</pk>
<indexState>Primary Constraint</indexState>
<isSurrogateKey>false</isSurrogateKey>
<indexColumnUsage>
<colUsage columnID="303697B6-C493-0FCD-B32C-05F8509BF8B8"/>
</indexColumnUsage>
</ind_PK_UK>
</indexes>
</Table>