<?xml version = '1.0' encoding = 'UTF-8'?>
<relationalModel class="oracle.dbtools.crest.model.design.relational.RelationalDesign" name="Relational_1" id="36554165-1B4C-A939-1C8F-98576D8EBCA8" mainViewID="A60ACFB4-1D70-C624-42D0-8A30426D3CEB">
<createdBy>morim</createdBy>
<createdTime>2026-01-11 20:14:33 UTC</createdTime>
<ownerDesignName>Modelo_Base_1</ownerDesignName>
<shouldBeOpen>false</shouldBeOpen>
<selectedRDBMSSite>32076570-2523-435C-2E92-BF29817DFF70</selectedRDBMSSite>
</relationalModel>