<?xml version = '1.0' encoding = 'UTF-8'?>
<Entity class="oracle.dbtools.crest.model.design.logical.Entity" directorySegmentName="seg_0" id="1DE21CF9-B3D1-E11F-3387-9376F1847D09" name="PASAJERO">
<createdBy>morim</createdBy>
<createdTime>2026-01-11 21:26:56 UTC</createdTime>
<ownerDesignName>Modelo_Base_1</ownerDesignName>
<engineerTo>
<item key="36554165-1B4C-A939-1C8F-98576D8EBCA8" value="true"/>
</engineerTo>
<adequatelyNormalized>NO</adequatelyNormalized>
<expectedVolumes>0</expectedVolumes>
<fwdEngineeringStrategyName>Single Table</fwdEngineeringStrategyName>
<growthPercent>0</growthPercent>
<growthType>Year</growthType>
<maxVolumes>9999999</maxVolumes>
<minVolumes>0</minVolumes>
<normalForm>Third</normalForm>
<attributes itemClass="oracle.dbtools.crest.model.design.logical.Attribute">
<Attribute name="id_pasajero" id="084F8A2C-9773-925E-75C1-DE3A536B1F4A">
<createdBy>morim</createdBy>
<createdTime>2026-01-11 21:27:23 UTC</createdTime>
<ownerDesignName>Modelo_Base_1</ownerDesignName>
<engineerTo>
<item key="36554165-1B4C-A939-1C8F-98576D8EBCA8" value="true"/>
</engineerTo>
<useDomainConstraints>false</useDomainConstraints>
<use>1</use>
<logicalDatatype>LOGDT011</logicalDatatype>
<ownDataTypeParameters>,,</ownDataTypeParameters>
</Attribute>
<Attribute name="nom_completo" id="58B4DD79-8570-A5F3-1585-7A836E2D5958">
<createdBy>morim</createdBy>
<createdTime>2026-01-11 21:28:42 UTC</createdTime>
<ownerDesignName>Modelo_Base_1</ownerDesignName>
<engineerTo>
<item key="36554165-1B4C-A939-1C8F-98576D8EBCA8" value="true"/>
</engineerTo>
<useDomainConstraints>false</useDomainConstraints>
<use>1</use>
<logicalDatatype>LOGDT024</logicalDatatype>
<dataTypeSize>500 CHAR</dataTypeSize>
<ownDataTypeParameters>500 CHAR,,</ownDataTypeParameters>
</Attribute>
<Attribute name="fec_nacimiento" id="547D1005-8BAE-473F-A14B-0156A904988A">
<createdBy>morim</createdBy>
<createdTime>2026-01-11 21:29:10 UTC</createdTime>
<ownerDesignName>Modelo_Base_1</ownerDesignName>
<engineerTo>
<item key="36554165-1B4C-A939-1C8F-98576D8EBCA8" value="true"/>
</engineerTo>
<useDomainConstraints>false</useDomainConstraints>
<use>1</use>
<logicalDatatype>LOGDT007</logicalDatatype>
<ownDataTypeParameters>,,</ownDataTypeParameters>
</Attribute>
<Attribute name="nacionalidad" id="497A725D-7211-43CE-1DD5-853FA60557B7">
<createdBy>morim</createdBy>
<createdTime>2026-01-11 21:30:00 UTC</createdTime>
<ownerDesignName>Modelo_Base_1</ownerDesignName>
<engineerTo>
<item key="36554165-1B4C-A939-1C8F-98576D8EBCA8" value="true"/>
</engineerTo>
<useDomainConstraints>false</useDomainConstraints>
<use>1</use>
<logicalDatatype>LOGDT024</logicalDatatype>
<dataTypeSize>500 CHAR</dataTypeSize>
<ownDataTypeParameters>500 CHAR,,</ownDataTypeParameters>
</Attribute>
<Attribute name="num_contacto" id="CBC78B99-853C-B02B-6E04-53C3AB69B7AE">
<createdBy>morim</createdBy>
<createdTime>2026-01-11 21:30:16 UTC</createdTime>
<ownerDesignName>Modelo_Base_1</ownerDesignName>
<engineerTo>
<item key="36554165-1B4C-A939-1C8F-98576D8EBCA8" value="true"/>
</engineerTo>
<nullsAllowed>true</nullsAllowed>
<useDomainConstraints>false</useDomainConstraints>
<use>1</use>
<logicalDatatype>LOGDT024</logicalDatatype>
<dataTypeSize>500 CHAR</dataTypeSize>
<ownDataTypeParameters>500 CHAR,,</ownDataTypeParameters>
</Attribute>
<Attribute name="correo" id="2B127876-B61C-E80F-89C4-24B4918B28EC">
<createdBy>morim</createdBy>
<createdTime>2026-01-11 21:30:36 UTC</createdTime>
<ownerDesignName>Modelo_Base_1</ownerDesignName>
<engineerTo>
<item key="36554165-1B4C-A939-1C8F-98576D8EBCA8" value="true"/>
</engineerTo>
<nullsAllowed>true</nullsAllowed>
<useDomainConstraints>false</useDomainConstraints>
<use>1</use>
<logicalDatatype>LOGDT024</logicalDatatype>
<dataTypeSize>500 CHAR</dataTypeSize>
<ownDataTypeParameters>500 CHAR,,</ownDataTypeParameters>
</Attribute>
</attributes>
<identifiers itemClass="oracle.dbtools.crest.model.design.logical.CandidateKey">
<identifier id="CAD56BDE-8775-29EA-6AD5-25CB17DA6220" name="PASAJERO PK">
<createdBy>morim</createdBy>
<createdTime>2026-01-11 21:28:41 UTC</createdTime>
<ownerDesignName>Modelo_Base_1</ownerDesignName>
<engineerTo>
<item key="36554165-1B4C-A939-1C8F-98576D8EBCA8" value="true"/>
</engineerTo>
<pk>true</pk>
<usedAttributes>
<attributeRef>084F8A2C-9773-925E-75C1-DE3A536B1F4A</attributeRef>
</usedAttributes>
</identifier>
</identifiers>
</Entity>