<?xml version = '1.0' encoding = 'UTF-8'?>
<Entity class="oracle.dbtools.crest.model.design.logical.Entity" directorySegmentName="seg_0" id="3F5CB293-A043-F12D-C1BE-7E549F760D53" name="EMPLEADO">
<createdBy>morim</createdBy>
<createdTime>2026-01-11 21:42:47 UTC</createdTime>
<ownerDesignName>Modelo_Base_1</ownerDesignName>
<engineerTo>
<item key="36554165-1B4C-A939-1C8F-98576D8EBCA8" value="true"/>
</engineerTo>
<adequatelyNormalized>NO</adequatelyNormalized>
<expectedVolumes>0</expectedVolumes>
<fwdEngineeringStrategyName>Single Table</fwdEngineeringStrategyName>
<growthPercent>0</growthPercent>
<growthType>Year</growthType>
<maxVolumes>9999999</maxVolumes>
<minVolumes>0</minVolumes>
<normalForm>Third</normalForm>
<attributes itemClass="oracle.dbtools.crest.model.design.logical.Attribute">
<Attribute name="rut" id="50E49C7A-C6EA-7582-F33F-3A20C2B38538">
<createdBy>morim</createdBy>
<createdTime>2026-01-11 21:43:08 UTC</createdTime>
<ownerDesignName>Modelo_Base_1</ownerDesignName>
<engineerTo>
<item key="36554165-1B4C-A939-1C8F-98576D8EBCA8" value="true"/>
</engineerTo>
<useDomainConstraints>false</useDomainConstraints>
<use>1</use>
<logicalDatatype>LOGDT024</logicalDatatype>
<dataTypeSize>12 CHAR</dataTypeSize>
<ownDataTypeParameters>12 CHAR,,</ownDataTypeParameters>
</Attribute>
<Attribute name="nom_completo" id="65B10054-6231-14E4-2F75-1E30FD8EA13D">
<createdBy>morim</createdBy>
<createdTime>2026-01-11 21:43:52 UTC</createdTime>
<ownerDesignName>Modelo_Base_1</ownerDesignName>
<engineerTo>
<item key="36554165-1B4C-A939-1C8F-98576D8EBCA8" value="true"/>
</engineerTo>
<useDomainConstraints>false</useDomainConstraints>
<use>1</use>
<logicalDatatype>LOGDT024</logicalDatatype>
<dataTypeSize>500 CHAR</dataTypeSize>
<ownDataTypeParameters>500 CHAR,,</ownDataTypeParameters>
</Attribute>
<Attribute name="direccion" id="72F96B09-1EA2-3A94-CD8E-D2129E74D3A5">
<createdBy>morim</createdBy>
<createdTime>2026-01-11 21:44:50 UTC</createdTime>
<ownerDesignName>Modelo_Base_1</ownerDesignName>
<engineerTo>
<item key="36554165-1B4C-A939-1C8F-98576D8EBCA8" value="true"/>
</engineerTo>
<useDomainConstraints>false</useDomainConstraints>
<use>1</use>
<logicalDatatype>LOGDT024</logicalDatatype>
<dataTypeSize>500 CHAR</dataTypeSize>
<ownDataTypeParameters>500 CHAR,,</ownDataTypeParameters>
</Attribute>
<Attribute name="sueldo_base" id="D785BC0B-BE2A-0A55-6F58-2955B93A991E">
<createdBy>morim</createdBy>
<createdTime>2026-01-11 21:45:17 UTC</createdTime>
<ownerDesignName>Modelo_Base_1</ownerDesignName>
<engineerTo>
<item key="36554165-1B4C-A939-1C8F-98576D8EBCA8" value="true"/>
</engineerTo>
<useDomainConstraints>false</useDomainConstraints>
<use>1</use>
<logicalDatatype>LOGDT019</logicalDatatype>
<dataTypePrecision>10</dataTypePrecision>
<dataTypeScale>2</dataTypeScale>
<ownDataTypeParameters>,10,2</ownDataTypeParameters>
</Attribute>
<Attribute name="fec_ingreso" id="340E98DE-7266-0AAB-ED71-5C55F70968E7">
<createdBy>morim</createdBy>
<createdTime>2026-01-11 21:45:36 UTC</createdTime>
<ownerDesignName>Modelo_Base_1</ownerDesignName>
<engineerTo>
<item key="36554165-1B4C-A939-1C8F-98576D8EBCA8" value="true"/>
</engineerTo>
<useDomainConstraints>false</useDomainConstraints>
<use>1</use>
<logicalDatatype>LOGDT007</logicalDatatype>
<ownDataTypeParameters>,,</ownDataTypeParameters>
</Attribute>
<Attribute name="genero" id="DF50D78C-CE46-B96A-F72F-80BF711A5ACE">
<createdBy>morim</createdBy>
<createdTime>2026-01-11 21:45:55 UTC</createdTime>
<ownerDesignName>Modelo_Base_1</ownerDesignName>
<engineerTo>
<item key="36554165-1B4C-A939-1C8F-98576D8EBCA8" value="true"/>
</engineerTo>
<useDomainConstraints>false</useDomainConstraints>
<use>1</use>
<logicalDatatype>LOGDT024</logicalDatatype>
<dataTypeSize>500 CHAR</dataTypeSize>
<ownDataTypeParameters>500 CHAR,,</ownDataTypeParameters>
</Attribute>
<Attribute name="medio_cnc" id="2F1F0295-EC0F-C168-001C-8AD4B35D16B8">
<createdBy>morim</createdBy>
<createdTime>2026-01-11 21:46:18 UTC</createdTime>
<ownerDesignName>Modelo_Base_1</ownerDesignName>
<engineerTo>
<item key="36554165-1B4C-A939-1C8F-98576D8EBCA8" value="true"/>
</engineerTo>
<nullsAllowed>true</nullsAllowed>
<useDomainConstraints>false</useDomainConstraints>
<use>1</use>
<logicalDatatype>LOGDT024</logicalDatatype>
<dataTypeSize>500 CHAR</dataTypeSize>
<ownDataTypeParameters>500 CHAR,,</ownDataTypeParameters>
</Attribute>
</attributes>
<identifiers itemClass="oracle.dbtools.crest.model.design.logical.CandidateKey">
<identifier id="A356A804-03CA-1015-D4BD-E0ABD9DCFA33" name="EMPLEADO PK">
<createdBy>morim</createdBy>
<createdTime>2026-01-11 21:43:19 UTC</createdTime>
<ownerDesignName>Modelo_Base_1</ownerDesignName>
<engineerTo>
<item key="36554165-1B4C-A939-1C8F-98576D8EBCA8" value="true"/>
</engineerTo>
<pk>true</pk>
<usedAttributes>
<attributeRef>50E49C7A-C6EA-7582-F33F-3A20C2B38538</attributeRef>
</usedAttributes>
</identifier>
</identifiers>
</Entity>