<?xml version = '1.0' encoding = 'UTF-8'?>
<Entity class="oracle.dbtools.crest.model.design.logical.Entity" directorySegmentName="seg_0" id="AAFA22F5-80AC-31FC-5452-A3962FD966B1" name="VUELO">
<createdBy>morim</createdBy>
<createdTime>2026-01-11 21:23:59 UTC</createdTime>
<ownerDesignName>Modelo_Base_1</ownerDesignName>
<engineerTo>
<item key="36554165-1B4C-A939-1C8F-98576D8EBCA8" value="true"/>
</engineerTo>
<adequatelyNormalized>NO</adequatelyNormalized>
<expectedVolumes>0</expectedVolumes>
<fwdEngineeringStrategyName>Single Table</fwdEngineeringStrategyName>
<growthPercent>0</growthPercent>
<growthType>Year</growthType>
<maxVolumes>9999999</maxVolumes>
<minVolumes>0</minVolumes>
<normalForm>Third</normalForm>
<attributes itemClass="oracle.dbtools.crest.model.design.logical.Attribute">
<Attribute name="num_vuelo" id="8B28D531-9513-BD83-BB82-0B176D6BF268">
<createdBy>morim</createdBy>
<createdTime>2026-01-11 21:24:10 UTC</createdTime>
<ownerDesignName>Modelo_Base_1</ownerDesignName>
<engineerTo>
<item key="36554165-1B4C-A939-1C8F-98576D8EBCA8" value="true"/>
</engineerTo>
<useDomainConstraints>false</useDomainConstraints>
<use>1</use>
<logicalDatatype>LOGDT011</logicalDatatype>
<ownDataTypeParameters>,,</ownDataTypeParameters>
</Attribute>
<Attribute name="fec_despegue" id="5D7F3D46-C476-B7B6-BAA3-46672F955FF6">
<createdBy>morim</createdBy>
<createdTime>2026-01-11 21:24:36 UTC</createdTime>
<ownerDesignName>Modelo_Base_1</ownerDesignName>
<engineerTo>
<item key="36554165-1B4C-A939-1C8F-98576D8EBCA8" value="true"/>
</engineerTo>
<useDomainConstraints>false</useDomainConstraints>
<use>1</use>
<logicalDatatype>LOGDT007</logicalDatatype>
<ownDataTypeParameters>,,</ownDataTypeParameters>
</Attribute>
<Attribute name="fec_llegada" id="E521A71D-606F-78FA-64DF-36BDCA0A6254">
<createdBy>morim</createdBy>
<createdTime>2026-01-11 21:25:05 UTC</createdTime>
<ownerDesignName>Modelo_Base_1</ownerDesignName>
<engineerTo>
<item key="36554165-1B4C-A939-1C8F-98576D8EBCA8" value="true"/>
</engineerTo>
<useDomainConstraints>false</useDomainConstraints>
<use>1</use>
<logicalDatatype>LOGDT007</logicalDatatype>
<ownDataTypeParameters>,,</ownDataTypeParameters>
</Attribute>
<Attribute name="hora_salida" id="57B7D7C0-C731-FB4D-F867-08CE16F8EE78">
<createdBy>morim</createdBy>
<createdTime>2026-01-11 21:25:19 UTC</createdTime>
<ownerDesignName>Modelo_Base_1</ownerDesignName>
<engineerTo>
<item key="36554165-1B4C-A939-1C8F-98576D8EBCA8" value="true"/>
</engineerTo>
<useDomainConstraints>false</useDomainConstraints>
<use>1</use>
<logicalDatatype>LOGDT014</logicalDatatype>
<ownDataTypeParameters>,,</ownDataTypeParameters>
</Attribute>
</attributes>
<identifiers itemClass="oracle.dbtools.crest.model.design.logical.CandidateKey">
<identifier id="8E5816E6-D012-6219-56C8-563FE3034599" name="VUELO PK">
<createdBy>morim</createdBy>
<createdTime>2026-01-11 21:24:33 UTC</createdTime>
<ownerDesignName>Modelo_Base_1</ownerDesignName>
<engineerTo>
<item key="36554165-1B4C-A939-1C8F-98576D8EBCA8" value="true"/>
</engineerTo>
<pk>true</pk>
<usedAttributes>
<attributeRef>8B28D531-9513-BD83-BB82-0B176D6BF268</attributeRef>
</usedAttributes>
</identifier>
</identifiers>
</Entity>