<?xml version = '1.0' encoding = 'UTF-8'?>
<Diagram class="oracle.dbtools.crest.swingui.relational.DPVRelational" name="Relational_1" id="A60ACFB4-1D70-C624-42D0-8A30426D3CEB">
<createdBy>morim</createdBy>
<modifiedBy>morim</modifiedBy>
<createdTime>2026-01-11 21:23:32 UTC</createdTime>
<autoRoute>false</autoRoute>
<boxInbox>true</boxInbox>
<showLegend>false</showLegend>
<showLabels>false</showLabels>
<showRelAttributes>false</showRelAttributes>
<gridEnabled>false</gridEnabled>
<showGrid>false</showGrid>
<diagramColor>-1</diagramColor>
<display>false</display>
<notation>1</notation>
<objectViews>
<OView class="oracle.dbtools.crest.swingui.relational.TVTable" oid="912CF5BF-C6D9-D698-1452-39061578D0BE" otype="Table" vid="60DAC5D7-30BF-AB45-4AE4-3ABC95543B36">
<hideElementsInCurrentOnly>false</hideElementsInCurrentOnly>
<bounds x="256" y="137" width="226" height="121"/>
</OView>
<OView class="oracle.dbtools.crest.swingui.relational.TVTable" oid="C830A6BE-9E82-4581-E48C-420E097E3975" otype="Table" vid="94682346-9D40-E1C7-DE5E-74771034433B">
<hideElementsInCurrentOnly>false</hideElementsInCurrentOnly>
<bounds x="272" y="16" width="186" height="112"/>
</OView>
<OView class="oracle.dbtools.crest.swingui.relational.TVTable" oid="D144C916-3F04-F905-4B57-2ADFE5734D08" otype="Table" vid="DD83980D-393D-25E6-A615-F68AC7DDDA13">
<hideElementsInCurrentOnly>false</hideElementsInCurrentOnly>
<bounds x="12" y="26" width="234" height="146"/>
</OView>
</objectViews>
</Diagram>