<?xml version = '1.0' encoding = 'UTF-8'?>
<Diagram class="oracle.dbtools.crest.swingui.logical.DPVLogical" name="Logical" id="1409A640-95DA-8015-275D-CBE70F9E2BE0">
<createdBy>morim</createdBy>
<modifiedBy>morim</modifiedBy>
<createdTime>2026-01-11 21:09:40 UTC</createdTime>
<autoRoute>false</autoRoute>
<boxInbox>true</boxInbox>
<showLegend>false</showLegend>
<showLabels>false</showLabels>
<showRelAttributes>false</showRelAttributes>
<gridEnabled>false</gridEnabled>
<showGrid>false</showGrid>
<diagramColor>-1</diagramColor>
<display>false</display>
<notation>1</notation>
<objectViews>
<OView class="oracle.dbtools.crest.swingui.logical.TVEntity" oid="1DE21CF9-B3D1-E11F-3387-9376F1847D09" otype="Entity" vid="3AF37CC7-724D-5E9A-5E11-A6E875444AF6">
<hideElementsInCurrentOnly>false</hideElementsInCurrentOnly>
<bounds x="274" y="177" width="194" height="112"/>
</OView>
<OView class="oracle.dbtools.crest.swingui.logical.TVEntity" oid="3F5CB293-A043-F12D-C1BE-7E549F760D53" otype="Entity" vid="BDA1F6F6-1427-1609-9FCD-5AAB04435FC7">
<hideElementsInCurrentOnly>false</hideElementsInCurrentOnly>
<bounds x="47" y="32" width="189" height="216"/>
</OView>
<OView class="oracle.dbtools.crest.swingui.logical.TVEntity" oid="AAFA22F5-80AC-31FC-5452-A3962FD966B1" otype="Entity" vid="14ADA5C9-6477-C096-020B-BC12FAA21F04">
<hideElementsInCurrentOnly>false</hideElementsInCurrentOnly>
<bounds x="276" y="32" width="193" height="119"/>
</OView>
</objectViews>
</Diagram>